Date,Name,Email,Subject,Message
"2025-12-23 15:09:03","Nathaniel Brooks",nathaniel.reid@jmailservice.com,"Top of Google - Without the Wait","We help businesses dominate their local market online by showing up first in search results - live within 24 hours.
It's quick, measurable, and flexible - you can change or test new keywords anytime for free.
Let's set up a short 10-minute call so I can show you the setup and traffic estimates for your niche."
"2026-01-15 06:33:09","Benjamin Clarke",benjamin.clarke@jmailservice.com,"Take the Top Spot Before Competitors Do","We place your business directly in front of people already searching for what you sell - and it's live within 24 hours.
Would you like me to show you a quick demo?"
"2026-01-17 20:17:25","Dipanshu kushwaha",vipinkushwahagenx7880@gmail.com,Hello,Rha
"2026-01-17 23:03:12","Vipin Kushwaha",Kushwahavipin313@gmail.com,"COntact ",Hello
"2026-01-25 03:35:08","Daniel Wright",daniel.wright@jmailservice.com,"Simple 24-Hour Solution to More Website Visits","We drive targeted visitors straight to your website - and your campaign can go live by tomorrow.
Can I send you a quick example?"
